,id,question,option_a,option_b,option_c,option_d,answer,prediction
0,2-001,"Kết quả của 1,05 m^{3} = …….. dm^{3} ?",A. 105,B. 1005,C. 1050,D. 1500,C,A
1,2-002,Số thích hợp điền vào chỗ trống 95m^{2} 7dm^{2} = . . . m^{2} là:,A. 957,"B. 95,7","C. 95,07","D. 95,007",B,C
2,2-003,302 được viết thành tổng là:,A. 300 + 20,B. 300 + 02,C. 300 + 10 + 2,D. 30 + 10 +2,B,A
3,2-004,Hãy đổi giờ thành phút như sau: 3 giờ 15 phút = ....phút,A. 120 phút,B. 195 phút,C. 215 phút,D. 205 phút,B,C
4,2-005,Phép tính 4 \frac{33}{100} + 4 \frac{3}{10} viết dưới dạng số thập phân là:,"A. 8,433","B. 8,63","C. 4,633","D. 8,33",B,A
5,2-006,Cô giáo phân công cho 2/5 số bạn trong lớp đi quét sân trường còn 1/3 số bạn đi dọn vệ sinh hành lang thì trong lớp còn 12 bạn vệ sinh lớp học. Hỏi tổng số học sinh ban đầu của lớp là bao nhiêu?,A. 35,B. 40,C. 45,D. 50,C,B
6,2-007,"Giá trị của chữ số 2 trong số 340,2 là:",A. \frac{2}{10},B. \frac{2}{100},C. \frac{2}{100},D. 2,A,C
7,2-008,3 \frac{6}{100} m^{2} = …….. m^{2},"A. 3,6 m^{2}","B. 3,06 m^{2}",C. 750 m^{2},D. 360 m^{2},B,B
8,2-009,Các số thập phân sau đây số nào là số bé nhất?,"A. 13,1","B. 12,4","C. 12,3","D. 12,2",D,D
9,2-010,"Tìm nửa chu vi của khu vườn hình chữ nhật dài 50cm, rộng 40cm.",A. 1596 m,B. 160 m,C. 180 m,D. 90 m,D,B
10,2-011,Số thập phân nhỏ nhất là:,"A. 2,445","B. 2,454","C. 2,455","D. 2,444",D,D
11,2-012,"Duyên có 18 viên kẹo, Kiên có số viên kẹo bằng 2/3 số kẹo của Duyên, riêng Châu có số kẹo bằng trung bình cộng của Duyên và Kiên. Hỏi cả 3 bạn Duyên, Kiên và Châu có tổng cộng bao nhiêu viên kẹo?",A. 30,B. 20,C. 35,D. 45,D,C
12,2-013,"Cách viết khác của 35,33 là:","A. 35,033","B. 35,330","C. 35,303","D. 350,33",B,A
13,2-014,"49,4% x 30 = ............. %",A. 1482,"B. 14,82","C. 148,2","D. 1,482",B,B
14,2-015,"0,12 =  ...............%","A. 1,2%",B. 12%,C. 120%,"D. 0,12%",B,A
15,2-016,Dãy số nào sau đây được xếp theo thứ tự giảm dần?,"A. 0,901; 0,889; 0,899; 0,809; 0,798","B. 0,901; 0,899; 0,889; 0,809; 0,798","C. 0,899; 0,889; 0,798; 0,809; 0,901","D. 0,798; 0,809; 0,889; 0,899; 0,901",B,C
16,2-017,"Chữ số 6 trong số thập phân 72,364 có giá trị là:",A. 6,B. \frac{6}{10},C. \frac{6}{100},D. \frac{6}{1000},C,C
17,2-018,"Một con voi nặng 3,3 tấn. Con voi nặng hơn con cá heo nặng 1,7 tấn. Hỏi con cá heo đó nặng bao nhiêu ki-lô-gam?","A. 1,6 kg",B. 1600kg,C. 160kg,D. 16kg,B,B
18,2-019,Phân số bằng phân số \frac{2}{3} là:,A. \frac{4}{6},B. \frac{3}{5},C. \frac{4}{5},D. \frac{3}{2},A,A
19,2-020,Tìm một số biết rằng 20% của số đó bằng 202:,A. 576,B. 10060,C. 1010,D. 765,C,A
20,2-021,5m = ........ Số thích hợp để điền vào chỗ chấm là:,A. 500 cm,"B. 0,05 cm",C. 5000 cm,D. 500 dm,A,D
21,2-022,Nếu giảm bán kính của hình tròn đi 6 lần thì chu vi sẽ giảm đi mấy lần?,A. 3 lần,B. 6 lần,C. 9 lần,D. 12 lần,B,C
22,2-023,Số thích hợp viết vào chỗ chấm của 9 cm^{2} 8 mm^{2} = ................ mm^{2} là:,A. 98,B. 908,C. 980,D. 9080,B,D
23,2-024,"Một hình tam giác có cạnh đáy 13,6m, chiều cao bằng \frac{1}{2} cạnh đáy. Tính diện tích hình tam giác đó?","A. 39,69 m^{2}","B. 92,84 m^{2}","C. 46,24m^{2}",D. 4624m^{2},C,A
24,2-025,"Thực hiện phép tính sau: 18,7 – 2 \times 1,3","A. 15,1","B. 16,1","C. 14,1","D. 13,1",B,C
25,2-026,"Hình tam giác có chiều cao 1,5 dm, đáy 8 dm. Vậy diện tích hình là bao nhiêu",A. 6 dm^{2},B. 8 dm^{2},C. 3 dm^{2},"D. 3,9 dm^{2}",A,A
26,2-027,Số lớn nhất trong các số sau là:,"A. 7,85","B. 7,58","C. 8,57","D. 8,75",D,D
27,2-028,"Trong các số thập phân dưới đây, chữ số 5 của số thập phân nào chỉ hàng phần trăm","A. 523,41","B. 122,15","C. 225,19","D. 423,51",B,B
28,2-029,"Chữ số 3 trong số 45,2638 có giá trị là:",A. \frac{3}{1000},B. \frac{3}{10000},C. \frac{3}{100},D. \frac{3}{10},A,A
29,2-030,Ba đơn vị bốn phần nghìn là:,"A. 3,400",B. 34000,"C. 3,04","D. 3,004",D,A
30,2-031,"Một mảnh vườn hình chữ nhật có chiều dài 28m,chiều rộng 12,5m. Tính diện tích của mảnh đất ấy:",A. 350m^{2},B. 336m^{2},C. 375m^{2},D. 275m^{2},A,B
31,2-032,"Tám đơn vị, ba phần trăm được viết dưới dạng hỗn số là",A. 8 \frac{30}{100},B. 8 \frac{3}{10},C. 8 \frac{3}{100},D. 8 \frac{300}{10},C,C
32,2-033,Tìm chiều dài của một đoạn dây điện biết 20% chiều dài là 12m,"A. 2,4 m",B. 60 m,"C. 0,26 m",D. 12m,B,6
33,2-034,"Số thập phân “tám đơn vị, hai phần nghìn” được viết là:",A. 8,"B. 8,2","C. 8,002","D. 8,02",C,B
34,2-035,"Chữ số 7 trong số thập phân 26,475 có giá trị là:",A. \frac{7}{10},B. \frac{7}{100},C. 7,D. \frac{7}{1000},B,B
35,2-036,"Một số thập phân chia 0,1 bằng số đó nhân với........",A. 100,B. 1,C. 10,D. \frac{1}{10},C,D
36,2-037,"Một chiếc ô tô bắt đầu di chuyển từ thành phố X lúc 7 giờ 30 phút và đến đến thành phố Y lúc 10 giờ. Biết rằng vận tốc của ô tô là 80 km/giờ. Hỏi, độ dài của quãng đường từ thành phố X đến thành phố Y là bao nhiêu?",A. 12500m,B. 200km,C. 135km,D. 13500m,B,C
37,2-038,Hình chữ nhật có diện tích 900cm^{2}. Một cạnh có chiều dài gấp bốn lần cạnh còn lại. Hỏi cạnh dài hơn có chiều dài bao nhiêu ?,A. 150mm,B. 300mm,C. 600mm,D. 900mm,C,C
38,2-039,Một ô tô đi quãng đường AB dài 100 km trong 2 giờ. Hỏi ô tô đi với tốc độ bao nhiêu km giờ?,A. 80 Km/giờ,B. 60 km/giờ,C. 50 km/giờ,D. 48 km/giờ,C,C
39,2-040,Biến đổi 6 \frac{2}{100} sang dạng số thập phân,"A. 6,02","B. 6,002",C. 462,D. 62,A,A
40,2-041,Tỉ số phần trăm của 19 và 76 là:,"A. 0,25%","B. 2,5%",C. 25%,D. 76%,C,A
41,2-042,Viết kết quả đúng:  3cm^2 85 mm^2=… cm^2,"A. 3,85","B. 3,0085","C. 0,385","D. 38,5",A,C
42,2-043,Gỗ tươi chứa 30% nước. Vậy gỗ sau khi sấy khô hết nước thì còn bao nhiêu phần trăm so với ban đầu chưa sấy.,A. 70%,B. 16%,C. 80%,"D. 76,875%",A,A
43,2-044,"Giá trị của chữ số 7 trong số thập phân 45,872 là:",A. \frac{7}{100},B. \frac{7}{1000},C. \frac{7}{10},D. 7,A,B
44,2-045,Ngày 28 tháng 4 là thứ sáu. Ngày 2 tháng 5 là thứ mấy?,A. Thứ tư,B. Thứ ba,C. Thứ năm,D. Chủ nhật,B,C
45,2-046,Tỷ lệ giữa 20 và 1200 là:,"A. 1,67%",B. 67%,"C. 16,67%",D. 25%,A,C
46,2-047,"Một quả mít có cân nặng 4\frac{4}{8}kg, còn quả bưởi có cân nặng là 2\frac{3}{6} kg. Hỏi quả mít và quả bưởi có cân nặng bao nhiêu ki-lô-gam?",A. 2.5,B. 4.5,C. 7,D. 8,C,C
47,2-048,"Diện tích hình tam giác có độ dài đáy 2,5m và chiều cao 1,8m là:",A. 4 m^{2},B. 2 m^{2},"C. 1,6 m^{2}","D. 2,25 m^{2}",D,D
48,2-049,"Kết quả của phép chia 85 \div 0,01 \times 0.1 là",A. 850,"B. 8,5",C. 8500,D. 85,A,B
49,2-050,"Phép tính (60,2 + 2,12) / 0,1 có kết quả là:","A. 62,5","B. 6,32","C. 62,32","D. 623,2",D,A
50,2-051,"Cho dãy số 11, 12, 13, 14, 15, 16, 17, 18, 19,20. Số hạng thứ 8 của dãy số cộng thêm 3 đơn vị bằng bao nhiêu?",A. 18,B. 19,C. 20,D. 21,C,D
51,2-052,"Số 938,275 giá trị của chữ số 7 là:",A. 7 phần nghìn,B. 7 chục,C. 7 phần mười,D. 7 phần trăm,D,C
52,2-053,"Nếu chỉ lấy đến hai chữ số của phần thập phân của thương khi chia 33,14 cho 60 thì số dư là","A. 0,08","B. 0,4","C. 0,14","D. 0,004",C,A
53,2-054,Số học sinh nữ của lớp 5B là 21 và chiếm 60% số học sinh cả lớp. Hỏi lớp 5B có bao nhiêu học sinh:,A. 40,B. 25,C. 20,D. 35,D,A
54,2-055,"Tính giá trị của biểu thức: 2,98 + 1 \times 12 là:","A. 22,22","B. 12, 24","C. 10,00","D. 14,98",D,B
55,2-056,Kết quả của: 12giờ 32 phút \div 4 = ........ là:,A. 3 giờ 10 phút,B. 4 giờ 21 phút,C. 3 giờ 8 phút,D. 3 giờ 7 phút,C,B
56,2-057,Tính Diện tích của hình chữ nhật biết chiều dài là 15cm và chiều rộng bằng 1/2 chiều dài trừ thêm 1/2cm.,A. 43cm^{2},B. 120cm^{2},C. 86cm^{2},D. 105cm^{2},D,C
57,2-058,"Tổng của dãy số 1, 4, 7, 10, 13, 16, ..., 94, 97, 100, 103 là:",A. 1714,B. 1720,C. 1820,D. 1814,C,B
58,2-059,Dãy số được xếp theo thứ tự từ bé đến lớn là:,"A. 0,5; 0,14; 0,41; 0,375","B. 0,5; 0,41; 0,375; 0,14","C. 0,14; 0,375; 0,41; 0,5","D. 0,14; 0,375; 0,5; 0,41",C,D
59,2-060,"Lan nghĩ ra 1 số tự nhiên có 4 chữ số, biết rằng nếu xoá đi chữ số hàng ngàn và hàng trăm thì số đó giảm đi 71 lần. Vậy số đó là số nào trong các số dưới đây:",A. 1220,B. 1420,C. 1319,D. 1207,D,A
60,2-061,6ha 5dam^{2} =........ ha. Số thích hợp viết vào chỗ chấm là:,"A. 6,5","B. 6,50","C. 6,05",D. 650,A,B
61,2-062,Hai lớp A và B được phân công quét một nửa sân trường. Hai lớp bắt đầu quét cùng một lúc. Sau 20 phút lớp A quét xong phần sân được giao và tiếp tục sang quét cùng lớp B thêm 4 phút nữa thì hai lớp quét xong cả sân trường. Hỏi nếu chỉ 1 mình lớp B quét không có lớp A thì trong bao lâu sẽ xong toàn bộ sân trường.,A. 30 phút,B. 25 phút,C. 40 phút,D. 60 phút,D,D
62,2-063,Tổng của số chẵn lớn nhất có ba chữ số và số liền sau của số bé nhất có hai chữ số là:,A. 1000,B. 1008,C. 1009,D. 1108,D,D
63,2-064,Năm nhuận có bao nhiêu ngày.,A. 355,B. 366,C. 377,D. 365,B,B
64,2-065,"Số thập phân 0,5 được viết dưới dạng phân số là số nào? Khoanh vào đáp án đúng:",A. \frac{5}{100},B. \frac{5}{10},C. \frac{0}{5},D. \frac{0}{50},B,A
65,2-066,"Chữ số 6 trong số 157,62 chỉ:",A. 6 phần mười,B. 6 phần trăm,C. 6 đơn vị,D. 6 chục,A,B
66,2-067,Hai trăm mười phẩy ba mươi lăm có dạng nào sau đây:,"A. 210,35","B. 21,035","C. 210,345","D. 2,1035",A,C
67,2-068,"Kết quả của phép tính 5645,78 + 212,22",A. 5857,"B. 3821,2","C. 1781,1",D. 5858,D,C
68,2-069,"0,5% = ?",A. \frac{5}{10},B. \frac{5}{100},C. \frac{5}{1000},D. \frac{5}{10000},C,B
69,2-070,"Điền đáp án đúng vào dấu .... dưới đây:
3km 480m = ……..km.","A. 3,048","B. 3,48",C. 348,D. 3048,B,A
70,2-071,Kết quả của hỗn số 5 \frac{4}{5} - 3 \frac{4}{5} - \frac{1}{2} là:,A. \frac{15}{10},B. \frac{12}{5},C. \frac{15}{5},D. \frac{29}{5},A,D
71,2-072,"Một hình chữ nhật có chiều rộng 15 m và chiều dài gấp 5 lần, thì diện tích hình chữ nhật trên là:",A. 1125m^{2},B. 1225m^{2},C. 75m^{2},D. 275m^{2},A,A
72,2-073,"Đổi:  0,12 m^{2} = ………. dm^{2}",A. 120,B. 12,C. 1200,D. 12000,B,C
73,2-074,Dấu lớn ( >) ở cặp số:,A. 8000.....7999 + 1,B. 78659.....76860,C. 9000 + 900......10000,D. 9000.....9000,C,C
74,2-075,"Một tấm bìa hình chữ nhật có chiều dài 21,3cm, chiều rộng 12,5cm. Tính diện tích miếng bìa đó.","A. 266,15cm^{2}","B. 265,25cm^{2}","C. 2662,5cm^{2}","D. 266,25cm^{2}",D,B
75,2-076,Cho biết kết quả của 584g = …. kg là bao nhiêu,"A. 58,4kg","B. 0,584kg","C. 0,584kg","D. 0,0584kg",C,A
76,2-077,"Tính thể tích của hình hộp chữ nhật  dài 7cm, rộng 5cm và chiều cao bằng 8/5 của chiều rộng là:",A. 280 cm^{3},B. 280 cm^{2},C. 240 cm^{2},D. 240 cm^{3},A,D
77,2-078,"Cho một số có 2 chữ số, biết rằng tổng của 2 chữ số là 10 và tích của 2 chữ số sau cộng thêm 4 là 25 và chữ số ở hàng đơn vị lớn hơn số ở hàng chục. Vậy số đó là số nào trong các số dưới đây:",A. 82,B. 28,C. 37,D. 73,D,B
78,2-079,Hình vuông có chu vi 576 cm thì cạnh của hình vuông đó là:,A. 9cm,B. 6cm,C. 144cm,D. 234cm,C,C
79,2-080,Thời gian từ  8 giờ 50 phút tối đến 9 giờ 35 phút sáng hôm sau là:,A. 1655 phút,B. 1765 phút,C. 755 phút,D. 765 phút,D,A
80,2-081,"Người ta xây một bể nước, chiều dài 20 m, chiều rộng 15 m, một khu có độ sâu 0,2 m, một khu có độ sâu 2 m, hai khu có diện tích mặt nước bằng nhau. Muốn khoảng cách giữa mặt nước và mặt bể là 10cm thì lượng nước cần xả là bao nhiêu (bể chưa có nước).","A. 52,5 m^{3}","B. 67,5 m^{3}",C. 100 m^{3},D. 60 m^{3},D,A
81,2-082,Hỗn số 2 \frac{3}{4} được viết dưới dạng số thập phân là:,"A. 2,3","B. 2,4","C. 2,75","D. 2,70",C,C
82,2-083,"An đi học lúc 6 giờ 45 phút, An chờ xe bus trong 30 phút và xe bus di chuyển mất 15 phút. Vậy An tới trường lúc mấy giờ?",A. 7 giờ 25 phút,B. 8 giờ 25 phút,C. 7 giờ 15 phút,D. 7 giờ 30 phút,D,A
83,2-084,"Trong các số 5,686; 5,668; 5,678; 5,716, số bé nhất là:","A. 5,686","B. 5,668","C. 5,678","D. 5,716",B,B
84,2-085,"Số thập viết gồm 50 đơn vị, 8 phần trăm, 3 phần nghìn được viết là:","A. 50,8","B. 50,083","C. 50,830","D. 50,803",B,B
85,2-086,"Trong các số 9,99; 9,9; 9,98; 9,89 , số nào là số lớn nhất:","A. 9,99","B. 9,9","C. 9,98","D. 9,09",A,A
86,2-087,"Một bể nước hình hộp chữ nhật có chiều dài 3m chiều rộng 2m và chiều cao 1,5m. Bể hiện đang chứa đầy nước sau đó người ta lấy ra 50 thùng nước, dung tích của mỗi thùng là 40 lít, tiếp đến người ta lại dùng máy bơm để hút thêm 1/2 lượng nước có trong bể. Hỏi lượng nước còn lại trong bể là bao nhiêu?",A. 7000,B. 3500,C. 8000,D. 4000,A,C
87,2-088,"Giá trị của chữ số 2 trong số thập phân 879,427 là:",A. \frac{2}{10},B. \frac{2}{1000},C. 20,D. \frac{2}{100},D,B
88,2-089,"Trong số 91,0938 giá trị của chữ số 3 là",A. \frac{3}{100000},B. \frac{3}{1000},C. \frac{3}{100},D. \frac{3}{10},B,A
89,2-090,"Trong các số có 3 chữ số dưới đây, số nào có hàng trăm trừ hàng chục bằng hàng đơn vị:",A. 852,B. 210,C. 321,D. 744,C,D
90,2-091,"Phép chia 23,45 \div 7 có kết quả đúng là","A. 3,5","B. 3,05",C. 4.5,D. 3.35,D,D
91,2-092,"Số chia hết cho cả 2, 5 và 9 là:",A. 1370,B. 2576,C. 85324,D. 6030,D,B
92,2-093,"Số lớn nhất trong các số: 9,899; 9,98; 9,89; 8,99 là:","A. 9,89","B. 9,899","C. 9,98","D. 8,99",C,C
93,2-094,Trung bình cộng của 4 số: 45; 23; 68 và a là 96. Tìm a.,A. 228,B. 248,C. 288,D. 328,B,B
94,2-095,"Cho tam giác có độ dài cạnh đáy là 5,1cm, chiều cao là 3,5cm. Tính diện tích của tam giác đó","A. 27,3 cm^{2}","B. 5,35 cm^{2}","C. 8,925 cm^{2}",D. 10.7cm^{2},C,C
95,2-096,Dạng số thập phân của 5 \frac{8}{100} + 1 \frac{3}{100} là,"A. 6,11","B. 5,008","C. 5,08","D. 6,10",A,D
96,2-097,"Một hình lập phương có cạnh là 3,5m. Tính thể tích của hình lập phương đó:","A. 42,875 m^{3}","B. 12,25 m^{3}",C. 27 m^{3},D. 27 m^{3},A,D
97,2-098,"Tuấn có 15 viên bi, Kiên có số bi bằng 2/3 số bi của Tuấn còn Pháp có số bi bằng tổng số bi của Tuấn và Kiên. Hỏi Pháp có bao nhiêu viên bi?",A. 15,B. 20,C. 25,D. 30,C,C
98,2-099,Một người đi xe máy trong 2 giờ được 40 km. Vận tốc của người đi được là:,A. 20 km,"B. 2,5 km/giờ",C. 40 giờ,D. 20 km/giờ,D,D
99,2-100,"Bạn Lan nghĩ ra được 1 số có 3 chữ số, nếu số đó cộng với 10 sau đó chia cho 10 thì được thương là 12 và dư 5, hãy tìm số đó.",A. 105,B. 115,C. 125,D. 145,A,1
100,2-101,Tính diện tích xung quanh của khối gỗ hình lập phương có cạnh 5 dm:,A. 100dm^{2},"B. 37,5dm^{2}","C. 6,25dm^{2}",D. 25dm^{2},A,A
101,2-102,Tính diện tích của một hình chữ nhật dài 102cm và rộng 10cm:,A. 1020 cm^{2},"B. 10,22 cm^{2}",C. 12 cm^{2},D. 120 cm^{2},A,A
102,2-103,Diện tích của nửa viên gạch hình vuông có cạnh 30cm là:,A. 90cm^{2},B. 45cm^{2},C. 900cm^{2},D. 450cm^{2},D,A
103,2-104,"Số 40,12 có phần thập phân là:",A. 12,B. \frac{12}{10},C. \frac{12}{100},D. \frac{12}{1000},A,B
104,2-105,Cho phân số \frac{16}{5}. Nếu cộng thêm vào tử số và mẫu số của phân số đã cho cùng một số tự nhiên x thì ta được một phân số mới bằng 2. Hỏi \frac{x}{2}+\frac{1}{(x+2)} bằng bao nhiêu?,A. \frac{16}{5},B. \frac{7}{3},C. \frac{11}{4},D. \frac{25}{8},C,B
105,2-106,"Có 20 viên bi, trong đó có 3 viên bi đỏ, 4 viên bi xám, 5 viên bi đen, 8 viên bi trắng. Như vậy 1/4 số viên bi có màu là:",A. Đỏ,B. Xám,C. Đen,D. Trắng,B,D
106,2-107,Số thập phân thích hợp viết vào chỗ chấm để 12tấn5kg =……tấn là:,"A. 12,005","B. 12,0005","C. 12,05",D. 12005,A,B
107,2-108,Đổi: 2 giờ 60phút = .................phút là:,"A. 2,6",B. 90,C. 120,D. 180,D,C
108,2-109,Điền số thích hợp: 8m^{2} 8dm^{2} = ……..m^{2},"A. 8,8","B. 8,80","C. 8,08","D. 8,008",C,B
109,2-110,Một cửa hàng buổi sáng bán được 1/2 số truyện tranh có trong cửa hàng và buổi chiều bán thêm được 2/9 số truyện thì còn lại 15 quyển truyện tranh trong cửa hàng. Hỏi tổng số quyển truyện tranh bán được trong buổi sáng là bao nhiêu?,A. 39,B. 30,C. 27,D. 24,C,C
110,2-111,Kết quả của phép tính sau đây là bao nhiêu: 1\frac{2}{3} + 2\frac{3}{4} + 3\frac{4}{5} + 4\frac{5}{6} + \frac{2}{3} + \frac{3}{4} + \frac{4}{5} + \frac{5}{6},A. \frac{161}{10},B. \frac{163}{10},C. \frac{171}{10},D. \frac{173}{10},B,C
111,2-112,Tính tỉ số phần trăm giữa số học sinh nữ và tổng số học sinh cả lớp biết số học sinh nữ là 20 và số học sinh nam là 25.,"A. 44,44%","B. 66,66%",C. 40%,D. 60%,A,C
112,2-113,Số thập phân của phân số \frac{300}{500},A. \frac{30}{100},B. \frac{6}{10},"C. 0,6","D. 0,35",C,C
113,2-114,Tính tổng S = 1/2 + 1/4 + 1/8 + ………………… + 1/128 + 1/256,A. 1,B. 1 + 1/256,C. 1 - 1/256,D. 1/256,C,A
114,2-115,Chu vi hình chữ nhật có chiều dài \frac{5}{2} m và chiều rộng \frac{1}{2} m là:,A. \frac{3}{4} m,B. \frac{6}{4} m,C. 4 m,D. 6 m,D,C
115,2-116,"Viết số thích hợp vào dấu 3 chấm :
32 tấn 9 kg = ... kg",A. 3209,B. 32009,C. 3290,D. 32090,B,B
116,2-117,Một hình thang có độ dài hai đáy lần lượt là 26cm và 64cm. Diện tích hình thang 324 cm2 thì chiều cao là:,"A. 7,2cm",B. 36cm,C. 72cm,"D. 3,6cm",A,C
117,2-118,\frac{11}{25} có dạng phân số thập phân là:,A. \frac{11}{100},B. \frac{25}{100},C. \frac{44}{100},D. \frac{4}{100},C,A
118,2-119,Một ô tô đi trên quãng đường AB dài 135 km trong 3 giờ. Vận tốc của ô tô là:,A. 45 km/giờ,B. 40 km/giờ,C. 55 km/giờ,D. 65 km/giờ,A,B
119,2-120,"Tìm chiều cao của hình hộp chữ nhật biết hình hộp chữ nhật dài 20dm, rộng 6dm và có thể tích là 300dm^{3}",A. 10dm,"B. 2,5dm",C. 8dm,D. 6dm,B,C
120,2-121,"Có 2 hình chữ nhật bằng nhau, biết một hình chữ nhật có chu vi bằng 40dm và một cạnh của hình chữ nhật đó có độ dài 5dm. Hỏi diện tích của 2 hình chữ nhật là bao nhiêu?",A. 75dm^{2},B. 100dm^{2},C. 125dm^{2},D. 150dm^{2},B,C
121,2-122,"Bạn Lan có 18 nhãn vở, còn bạn Hiền có số nhãn vở bằng 2/3 số nhãn của Lan, bạn Pháp có số nhãn vở bằng trung bình cộng của Lan và Hiền. Hỏi Pháp có bao nhiêu nhãn vở?",A. 15,B. 20,C. 25,D. 30,A,C
122,2-123,Phân số \frac{2}{20} có dạng số thập phân là:,"A. 1,5","B. 2,0","C. 0,02","D. 0,1",D,C
123,2-124,"Trong các số 12,895; 12,891; 12,901; 12,894. Số thập phân bé nhất là:","A. 12,895","B. 12,891","C. 12,901","D. 12,894",B,B
124,2-125,Tính diện tích của một hình tam giác có độ dài cạnh đáy 4dm và chiều cao 1dm:,"A. 5,4d m^{2}","B. 10,8 dm^{2}","C. 2,7 dm^{2}",D. 2 dm^{2},D,B
125,2-126,Khi đánh số trang của một cuốn sách từ trang 90 đến 110  ta cần dùng bao nhiêu chữ số.,A. 33,B. 43,C. 53,D. 63,C,B
126,2-127,"Một ô tô đi với vận tốc 60km/giờ, đi được trong 150 phút. Tính quãng đường mà ô tô đi được",A. 150 km,B. 480 km,C. 420 km,D. 300 km,A,C
127,2-128,"Trong số thập phân 58,3072, chữ số 7 có giá trị là:",A. \frac{7}{10},B. \frac{7}{100},C. \frac{7}{1000},D. 7,C,C
128,2-129,"Số thập phân gồm có: 5 nghìn, 2 đơn vị, 2 phần nghìn được viết là:","A. 50002,0002","B. 5002,002","C. 5000,2002","D. 5002,0002",B,C
129,2-130,Hỗn số 5 \frac{2}{3} được viết dưới dạng phân số là:,A. \frac{17}{3},B. \frac{13}{3},C. \frac{17}{5},D. \frac{15}{2},A,C
130,2-131,"Hình hộp chữ nhật có chiều dài 1,5 cm chiều rộng 1,2 cm và chiều cao 0,5 cm. Thể tích hình hộp chữ nhật là:","A. 0,9 cm^{2}","B. 2,7 cm^{2}","C. 0,9 cm^{3}",D. 9 cm^{3},C,D
131,2-132,"Kết quả của phép tính 6,7 + 8 + 7,7 là:","A. 12,7","B. 24,4","C. 22,4","D. 15,7",C,B
132,2-133,"Tính thể tích của ba hình hộp chữ nhật biết chiều dài 8 cm, chiều rộng 4cm, chiều cao 2cm.",A. 450 cm^{3},B. 180 cm^{3},C. 192 cm^{3},D. 210 cm^{3},C,C
133,2-134,Dệt 5 chiếc khăn mặt hết 250g sợi. Hỏi dệt 30 chiếc khăn mặt như thế thì hết bao nhiêu gam sợi?,A. 3500g,B. 2000g,C. 4000g,D. 1500g,D,C
134,2-135,"Diện tích của hình chữ nhật có chiều dài 22cm, chiều rộng 16,5 cm","A. 3,625 cm^{2}","B. 36,25 cm^{2}","C. 362,3 cm^{2}",D. 363 cm^{2},D,B
135,2-136,"Hình hộp chữ nhật có chiều dài 1dm, chiều rộng 2cm, chiều cao 5cm thì thể tích hình hộp chữ nhật là:",A. 10 dm^{3},B. 10 dm^{3},"C. 0,1 dm^{3}",D. 1 dm^{3},B,B
136,2-137,Hỏi: 36 phút = ...giờ,"A. 0,5 giờ","B. 0,25 giờ","C. 0,75 giờ","D. 0,6 giờ",D,A
137,2-138,"Khi lấy 669,23 trừ cho 245,65 ta được:","A. 70,54","B. 700,54","C. 423,58","D. 700,54",C,C
138,2-139,"Kết quả của phép tính 25,8 \times  3,5 là:","A. 90,30","B. 9,030","C. 903,0",D. 9030,A,B
139,2-140,"Chữ số 5 trong số thập phân 7,256 thuộc hàng nào ?",A. Hàng đơn vị,B. Hàng phần trăm,C. Hàng phần mười,D. Hàng phần nghìn,B,C
140,2-141,"Tính thể tích hình chữ nhật biết chiều dài 3,2m; chiều rộng 1,2m; chiều cao 1m:",A. 6m^{2},"B. 3,68 m","C. 3,68m^{2}","D. 3,84m^{3}",D,C
141,2-142,"Tìm số có 3 chữ số, trong đó chữ số hàng đơn vị bằng 1/6 lần chữ số hàng chục và chữ số hàng trăm chia cho 5 số dư là 4.",A. 461,B. 561,C. 661,D. 961,D,C
142,2-143,"Kết quả của phép chia 34,254 : 0,01 là:","A. 3,4254","B. 34,254","C. 342,54","D. 3425,4",D,A
143,2-144,"Chữ số 5 trong số 1695,7 chỉ:",A. 5 đơn vị,B. 5 phần mười,C. 5 chục,D. 5 phần trăm,A,B
144,2-145,Một nhân viên cửa hàng buổi sáng bán được 1/2 số táo và buổi chiều bán thêm được 2/9 số táo thì còn lại 15 quả táo trong cửa hàng. Hỏi số quả táo có trong cửa hàng trước khi bán là bao nhiêu?,A. 50,B. 54,C. 58,D. 62,B,C
145,2-146,"Nếu chia 812,6 cho 4 và thương chỉ lấy 2 chữ số ở phần thập phân thì số dư là:",A. 8,"B. 0,8","C. 0,15","D. 1,5",C,B
146,2-147,Tìm thương và số dư trong phép chia 78:4,A. Thương 19 dư 2,B. Thương 17 dư 4,C. Thương 19 dư 4,D. Thương 17 dư 2,A,B
147,2-148,"Kết quả của phép tính: 84,32−24,32",A. 70,B. 84,C. 60,D. 80,C,C
148,2-149,Số thập phân thích hợp điền vào chỗ trống: 2cm^{2} 7mm^{2} = . . . . . .  cm^{2},A. 27,"B. 2,7","C. 2,007","D. 2,07",D,C
149,2-150,"Tìm chữ số X, biết: 7,5 \times 8 < 7,578 \times X",A. X = 7,B. X = 8,C. X = 6,D. X = 0,B,B
150,2-151,Trong năm học vừa qua trường Thành Công A có 30 bạn thi học sinh giỏi hai môn Toán và Tiếng Việt. Trong số đó có 17 bạn thi môn Toán và 16 bạn thi môn Tiếng Việt. Hỏi Trường có bao nhiêu bạn thi cả hai môn?,A. 5,B. 3,C. 15,D. 17,B,C
151,2-152,"Tìm số lớn biết tổng hai số bằng 212,12 và hiệu của hai số bằng 1,2:","A. 106,66",B. 100,"C. 184,7","D. 105,46",D,D
152,2-153,Có 144 cái cốc đóng đều vào 8 hộp mỗi hộp 6 cái; 7 hộp mỗi hộp 8 cái. Số cốc còn lại được đóng đều vào các hộp chứa được 10 cốc mỗi hộp. Hỏi tổng số hộp để chứa hết số cốc là bao nhiêu ?,A. 19,B. 21,C. 23,D. 29,A,D
153,2-154,"Một bể nước hình hộp chữ nhật có chiều dài 3m chiều rộng 2m và chiều cao 1,5m.Đầu tiên người ta hút đi 2/5 lượng nước trong bể sau đó dùng thùng lấy ra 50 thùng nước, dung tích của mỗi thùng là 40 lít. Hỏi lượng nước còn lại trong bể là bao nhiêu lít?",A. 3400,B. 3500,C. 5300,D. 4300,A,B
154,2-155,"Điền số thích hợp vào chỗ trống: 2,5m^{2}5dm^{2} = ...... m^{2} là:","A. 2,5","B. 2,55",C. 255,"D. 2, 055",B,A
155,2-156,"Một lớp học có 22 học sinh nam và 18 học sinh nữ. Vậy, tỉ số học sinh nữ so với số học sinh cả lớp là:","A. 4,5%",B. 45%,C. 60%,"D. 0,6%",B,B
156,2-157,Phân số thập phân là:,A. \frac{3}{7},B. \frac{4}{19},C. \frac{100}{34},D. \frac{15}{100},D,D
157,2-158,"Trong lớp học, có 2/5 số bạn được phân công vào đội múa còn 1/3 số bạn được phân công vào đội hát. Sau khi phân công thì trong lớp còn 12 bạn chưa được phân công. Hỏi số bạn được phân công vào đội múa là bao nhiêu bạn?",A. 12,B. 15,C. 18,D. 20,C,B
158,2-159,"Tìm một số, biết rằng nếu lấy số đó bớt đi 3454 rồi gấp lên 3 lần cuối cùng thêm 100 vào thì được 1036.",A. 1036,B. 3454,C. 312,D. 3766,D,D
159,2-160,"Giá trị của chữ số 5 trong số thập phân 14,597 là:",A. 5,B. \frac{5}{10},C. \frac{5}{100},D. \frac{5}{1000},B,C
160,2-161,Điền số thích hợp: 2m^{2} 12dm^{2}= …………m^{2} là:,A. 212 m^{2},"B. 2,12 m^{2}","C. 2,02 m^{2}","D. 2,002 m^{2}",B,B
161,2-162,"Phép tính (45,6 \div 12) - 2,03 có kết quả là:","A. 1,77","B. 24,1","C. 36,97","D. 4,06",A,A
162,2-163,Điền kết quả đúng: 2kg 3g =…………g,A. 230,B. 203,C. 2003,D. 23,C,A
163,2-164,"Tính số lượng số hạng của dãy số sau: 1, 4, 7, 10, 13, 16, ..., 94, 97, 100, 103.",A. 33,B. 34,C. 35,D. 36,C,B
164,2-165,"Một cửa hàng có 10450 m vải , cửa hàng đã bán trong 4 tuần , mỗi tuần bán được 770m vải. Hỏi cửa hàng còn lại bao nhiêu mét vải ?",A. 7730,B. 7370,C. 7703,D. 7037,B,A
165,2-166,Số gồm 7 đơn vị và 65 phần nghìn là:,A. 65007,"B. 7,65","C. 0,765","D. 7,065",D,A
166,2-167,"Sáu đơn vị, tám phần mười, năm phần trăm, ba phần nghìn.","A. 685,3","B. 68,53","C. 6,853","D. 6,835",C,C
167,2-168,"Trong các số sau: 2,102; 2,245; 2,600; 2,150, số nào là số bé nhất:","A. 2,102","B. 2,245","C. 2,600","D. 2,150",A,A
168,2-169,Một hình tròn có đường kính 40cm. Tính diện tích hình tròn đó.,"A. 31,4 cm^{2}","B. 62,8 cm^{2}",C. 314 cm^{2},"D. 1256,4cm^{2}",D,C
169,2-170,Kết quả của 2ha 3m^{2} =............... m^{2} là:,A. 203,B. 2 003,C. 20 003,D. 200 000 3,C,C
170,2-171,"Tìm số có 3 chữ số, biết rằng tổng các số hạng bằng số lớn nhất của số tự nhiên có 1 chữ số. Và số chữ số hàng trăm trừ đi chữ số hàng chục trừ thêm một thì bằng chữ số hàng đơn vị và bằng số tự nhiên nhỏ nhất.",A. 540,B. 630,C. 450,D. 730,A,B
171,2-172,Kết quả của 2kg 12g = ..........kg,"A. 2,012kg","B. 5,23kg",C. 5230kg,D. 5023kg,A,A
172,2-173,Một hình tam giác có độ dài 3 cạnh lần lượt là 5cm; 7cm; 3cm. Chu vi hình tam giác là:,A. 15cm,B. 21cm,C. 35cm,D. 105cm,A,D
173,2-174,Một cửa hàng sáng bán được 3/10 số vải thì trong cửa hàng còn lại 56m vải. Hỏi ban đầu số mét vải có trong cửa hàng là bao nhiêu?,A. 60m,B. 70m,C. 80m,D. 90m,C,C
174,2-175,"Kết quả của phép tính 10 + 21 * 5 - 4,5 * 2 là bao nhiêu:",A. 31,B. 106,C. 146,D. 41,B,C
175,2-176,"Lớp 4A có 12 bạn thích môn tiếng Việt, 18 bạn thích môn Toán. Trong số các bạn tích Tiếng Việt hoặc thích Toán có 8 bạn thích cả hai môn Tiếng Việt và Toán. Trong lớp vẫn còn có 10 bạn không thích môn nào (trong hai môn Tiếng Việt và Toán). Hỏi lớp 4A có bao nhiêu bạn tất cả?",A. 7,B. 12,C. 37,D. 32,D,C
176,2-177,"Cho một hình vuông có cạnh 3,5 cm, một hình chữ nhật có chiều dài 4 cm, chiều rộng 3 cm.",A. Chu vi hình vuông bằng chu vi hình chữ nhật,B. Diện tích hình vuông bằng diện tích hình chữ nhật,C. Diện tích hình vuông nhỏ hơn diện tích hình chữ nhật,D. Chu vi hình vuông lớn hơn chu vi hình chữ nhật,A,A
177,2-178,"Tìm chiều dài một thửa ruộng hình chữ nhật biết S=632,4 m2 và chiều rộng bằng 18m","A. 35,13m","B. 35,24m","C. 35,27m","D. 3,46",A,A
178,2-179,"Tám đơn vị, sáu phần mười, năm phần nghìn viết được số thập phân là:","A. 8,56","B. 86,5","C. 8,605","D. 8,65",C,C
179,2-180,"Khi biểu diễn trên tia số, phân số gần số 0 nhất là:",A. \frac{1}{2},B. \frac{1}{4},C. \frac{1}{5},D. \frac{1}{10},D,D
180,2-181,Điền số thích hợp: 3kg 12g =............kg,A. 2002,"B. 2,02",C. 2,"D. 2,012",K,D
181,2-182,"Giá trị của chữ số 5 trong số 23,150 là:",A. \frac{5}{10},B. \frac{5}{100},C. \frac{5}{1000},D. 5,B,C
182,2-183,"Kết quả của phép tính: 45,6 \div 10",A. 456,"B. 4,56",C. 345,"D. 3,45",B,B
183,2-184,"Tìm số bé nhất trong các số sau: 52,02; 9,11; 53,20; 32,05","A. 52,02","B. 53,20","C. 9,11","D. 32,05",C,C
184,2-185,"Phân số nào có thể chuyển thành phân số thập phân. Biết các phân số thập phân là các phân số có mẫu là: 10,100,1000...",A. \frac{5}{3},B. \frac{5}{11},C. \frac{11}{5},D. \frac{5}{26},C,B
185,2-186,"Tính nhanh: 1,1 + 2,2 + 3,3 + 4,4 + 5,5 + 6,6 + 7,7 + 8,8 + 9,9 + 10,10","A. 49,6","B. 59,6","C. 60,6","D. 70,6",C,B
186,2-187,Hình lập phương có:,"A. Có 6 mặt đều là hình vuông, có 8 đỉnh và 12 cạnh bằng nhau","B. Có 6 mặt đều là hình chữ nhật, có 8 đỉnh và 12 cạnh bằng nhau","C. Có 6 mặt đều là hình chữ nhật, có 12 đỉnh và 8 cạnh",D. Tất cả đáp án đều sai,A,B
187,2-188,Điền số thích hợp: 105 kg = ...... tấn,A. 15,"B. 0,015",C. 105,"D. 0,105",D,D
188,2-189,"Một lớp học có 40 học sinh, trong đó có 19 học sinh nữ. Tỷ số phần trăm giữa số học sinh nữ và tống số học sinh cả lớp là:","A. 47,5%","B. 4,75%","C. 45,7%","D. 52,5%",A,A
189,2-190,Kết quả của 19 giờ 48 phút \div 9 là:,A. 2 giờ 12 phút,B. 2 giờ 15 phút,C. 2 giờ 10 phút,D. 2 giờ 02 phút,A,A
190,2-191,"Tìm số dư trong phép chia  231,37 \div 22, biết rằng phần thương chỉ lấy 2 chữ số thập phân:","A. 0,15","B. 0,015","C. 1,5",D. 15,A,B
191,2-192,"Số thích hợp viết vào chỗ chấm là:
2cm^{2} 9mm^{2} =..... cm^{2}",A. 29,"B. 2,09","C. 2,9","D. 2,009",B,B
192,2-193,"Số 0,085 dưới dạng tỉ số phần trăm là:","A. 8,5%",B. 850%,"C. 0,85%",D. 85%,A,C
193,2-194,Số thích hợp điền vào chỗ chấm là: 2 tấn 17kg =......kg,A. 217,B. 2017,"C. 2,017","D. 2,17",B,C
194,2-195,3 ha 45dam^{2} = ……… dam^{2},A. 345dam^{2},B. 30045dam^{2},C. 3045dam^{2},D. 3450 dam^{2},B,C
195,2-196,Một học sinh đã làm đúng 25 bài kiểm tra trong số tổng cộng 30 bài kiểm tra. Tỉ lệ phần trăm bài kiểm tra đúng của học sinh đó là:,A. 15%,B. 60%,C. 75%,D. 83.33%,D,D
196,2-197,"Chọn số lớn nhất trong các số sau: 724,36; 963,19; 512,47; 937,82.","A. 512,47","B. 724,36","C. 963,19","D. 937,82",C,C
197,2-198,"Tính kết quả của: 56,47 \times 0,01","A. 0,5647","B. 5,647","C. 564,7","D. 56,47",A,A
198,2-199,Viết số thích hợp vào chỗ chấm: 9 m^{3} 25dm^{3} = ....dm^{3},A. 9025,B. 90025,C. 900025,D. 925,A,B
199,2-200,Tổng của hai số là 222 và số thứ nhất gấp rưỡi số thứ hai. Vậy số thứ nhất là:,"A. 132,2","B. 74,7",C. 80,"D. 88,8",A,A
200,2-201,"Giá  trị chữ số 8 trong số thập phân 12,384 là :",A. \frac{8}{10},B. \frac{8}{100},C. \frac{8}{1000},D. \frac{8}{10000},B,C
201,2-202,"Giá trị của chữ số 5 trong số 21,075 là:",A. 5,B. \frac{5}{1000},C. \frac{5}{100},D. \frac{5}{10},B,A
202,2-203,"Lớp 9A có 35 bạn, với 10 bạn nữ. Tỷ lệ bạn nữ so với bạn nam là bao nhiêu %",A. 45%,B. 65%,C. 40%,D. 75%,C,A
203,2-204,"Phòng học có dạng hình hộp chữ nhật chiều dài 7m, chiều rộng 4,5m, chiều cao 3m. Người ta muốn sơn toàn bộ trần nhà và 4 bức tường. Biết tổng diện tích các cửa là 7,5m2, tính diện tích cần sơn.",A. 83m^{2},B. 108m^{2},C. 93m^{2},D. 98m^{2},C,B
204,2-205,"23,25 + 5,34 có kết quả là:","A. 2,859","B. 28,59","C. 79,65","D. 59,28",B,B
205,2-206,"Trong số 410,920, giá trị của chữ số 2:",A. \frac{2}{1000},B. \frac{2}{100},C. \frac{2}{10},D. 2,B,B
206,2-207,Khoảng thời gian từ 13 giờ kém 10 phút đến 21 giờ 30 phút là:,A. 520 phút,B. 500 phút,C. 52 phút,D. 50 phút,A,A
207,2-208,"Hình vuông có chu vi 44m, cạnh của nó là:",A. 12m,B. 11m,C. 16m,D. 18m,B,A
208,2-209,"An nghĩ ra một số, nếu lấy số đó chia cho 5 thì được thương là 5 và số dư là số dư lớn nhất. Hãy tìm số đó.",A. 24,B. 29,C. 19,D. 14,B,B
209,2-210,"Trung bình cộng của 3 phân số là \frac{13}{36}. Trung bình cộng của phân số thứ nhất và phân số thứ hai là \frac{5}{12}, của phân số thứ hai và phân số thứ ba là \frac{7}{24}. Phân số thứ nhất, thứ 2, thứ 3 lần lượt là:","A. \frac{1}{2}, \frac{1}{3}, \frac{1}{4}","B. \frac{1}{2}, \frac{1}{4}, \frac{1}{6}","C. \frac{1}{3}, \frac{1}{2}, \frac{1}{4}","D. \frac{1}{6}, \frac{1}{2}, \frac{1}{4}",B,C
210,2-211,"Ngày 29/2/2012 là thứ tư, vậy ngày 4/3/2012 là thứ mấy",A. Thứ năm,B. Thứ sáu,C. Thứ bảy,D. Chủ nhật,D,A
211,2-212,"Số 3,3 viết dưới dạng hỗn số là:",A. 3 \frac{3}{10},B. 6 \frac{6}{10},C. 3 \frac{3}{100},D. 6 \frac{6}{100},A,A
212,2-213,"Một khối kim loại hình lập phương có thể tích 2,12cm^{3} nặng 18g. Vậy nếu một khối kim loại cùng chất có thể tích 3,0cm3 thì khối lượng khối kim loại này là bao nhiêu?","A. 7,6 g","B. 13,034 g","C. 26,6 g","D. 25,377 g",D,B
213,2-214,"Mua 3kg gạo hết 30 000 đồng. Vậy mua 5,5 kg gạo hết số tiền là:",A. 35 000 đồng,B. 45 000 đồng,C. 55 000 đồng,D. 50 000 đồng,C,C
214,2-215,Vĩnh và Phúc cùng làm một công việc thì trong 16 giờ thì xong. Nếu Vĩnh làm 3 giờ và Phúc làm 6 giờ thì họ làm được 25% công việc. Hỏi mỗi người làm công việc đó một mình thì trong bao lâu sẽ hoàn thành xong công việc ?,A. 16h,B. 24h,C. 36h,D. 48h,B,B
215,2-216,"Một cái hộp có 150 viên bi gồm 18 viên bi màu đỏ, 30 viên bi màu xanh, 45 viên bi màu tím và 57 viên bi màu vàng. Nếu không nhìn vào hộp, cần lấy ra bao nhiêu viên để chắc chắn rằng số bi lấy ra sẽ có đủ cả bốn màu?",A. 94 viên,B. 133 viên,C. 110 viên,D. 106 viên,A,A
216,2-217,"Giá trị của chữ số 8 trong số thập phân 71,268 là:",A. 8,B. \frac{8}{10},C. \frac{8}{100},D. \frac{8}{1000},D,D
217,2-218,Phân số thập phân \frac{231}{1000} được viết dưới dạng số thập phân là:,"A. 23,1","B. 0,231","C. 2,31","D. 0,0231",B,B
218,2-219,"Bểu thức 212,99 - 5,11 + 3,22 - 4 có kết quả là:","A. 207,1","B. 207,88","C. 223,54","D. 207,01",A,B
219,2-220,Tính chu vi hình tròn có D= 4cm là:,"A. 12,56 cm","B. 125,6 cm","C. 1,256 cm",D. 1256 cm,A,A
220,2-221,16 \frac{7}{100}  viết dưới dạng số thập phân là:,"A. 16,7","B. 16,70","C. 16,07","D. 16,007",C,B
221,2-222,"Các số X, III, XX, IX, VI, XI được sắp xếp theo thứ tự từ lớn đến bé là:","A. XX, XI , IX ,X, VI, III","B. XX, IX , XI ,X, VI, III","C. XI, X , IX , VIII, V, II","D. XI, X , IX , VIII, II, V",A,A
222,2-223,"Thực hiện phép tính: 136,5 – (100 \div 2,4) \times 0,9","A. 100,5","B. 110,5",C. 100,D. 99,D,A
223,2-224,Hỗn số 6 \frac{9}{100} được viết thành số thập phân:,"A. 6,09","B. 6,90","C. 6,009",D. 69,A,A
224,2-225,Trong các số dưới đây số nào gấp 6 lần chữ số hàng đơn vị của nó?,A. 12,B. 22,C. 32,D. 42,A,C
225,2-226,Hình tròn có bán kính r= 6cm thì diện tích của 1/3 hình tròn là:,"A. 37,68cm^{2}","B. 37,67cm^{2}","C. 113,04cm^{2}",D. 113cm^{2},K,A
226,2-227,"Thể tích của một hình hộp chữ nhật có chiều dài 8m, chiều rộng 3m, chiều cao 2m là:",A. 24m^{3},B. 48m^{3},C. 32m^{3},D. 6m^{3},B,C
227,2-228,Viết 5 \frac{5}{100} dưới dạng số thập phân ta được:,"A. 5,005","B. 5,05","C. 5,03","D. 5,003",B,A
228,2-229,"Trong các số sau đây, số nào có chữ số hàng trăm là 2?",A. 502,B. 205,C. 025,D. 052,B,C
229,2-230,"Tìm số tự nhiên x biết: 22,75 < x < 23,05","A. X = 22,76",B. X = 23,"C. X = 23, 05",D. X = 22,B,C
230,2-231,"Kết quả phép cộng: 56,27 + 2,46","A. 78,73","B. 87,37","C. 58,73","D. 58,37",C,A
231,2-232,"Năm nay tuổi bố gấp 8 lần tuổi bé Hạnh, tuổi mẹ gấp 7 lần tuổi bé Hạnh và bố hơn mẹ 4 tuổi. Vậy 2 năm sau Hạnh bao nhiêu tuổi?",A. 4,B. 3,C. 5,D. 6,D,C
232,2-233,"Dạng phân số thập phân của 2,2 là:",A. \frac{13}{100},B. \frac{22}{10},C. \frac{26}{50},D. \frac{104}{200},B,A
233,2-234,Giá trị của chữ x trong phép tính (x+2) x 5 = 565 là :,A. 121,B. 113,C. 111,D. 114,C,C
234,2-235,"Cho số thập phân 102,456. Nếu chuyển dấu phẩy sang bên phải 2 chữ số thì chữ số 4 thuộc hàng nào?",A. Hàng chục,B. Hàng đơn vị,C. Hàn trăm,D. Hàng nghìn,A,A
235,2-236,Dạng số thập phân của 2 \frac{6}{1000}:,"A. 2,0006","B. 2,006","C. 2,06","D. 2,6",B,B
236,2-237,Phân số của hỗn số 2 \frac{5}{9} là:,A. \frac{21}{5},B. \frac{25}{3},C. \frac{13}{10},D. \frac{23}{9},D,A
237,2-238,"3,3 giờ = .....giờ......phút. Số thích hợp điền vào chỗ chấm là:",A. 3 giờ 30 phút,B. 3 giờ 15 phút,C. 3 giờ 18 phút,"D. 3 giờ 12 ,phút",C,A
238,2-239,"20,12 \div 4,2 được:","A. 4,49","B. 4,781","C. 4,4","D. 4,39",B,A
239,2-240,Viết số thích hợp:  5 tấn 312 kg = … kg,"A. 513,2 kg","B. 53,12 kg","C. 5,312 kg",D. 5312 kg,D,D
240,2-241,"Phép trừ 792,54 - 48,8 có két quả đúng là:","A. 743,64","B. 643, 64","C. 743,74","D. 707,65",C,B
241,2-242,"Giá trị của biểu thức: 201 \div 1,5 - 2,5 - 0,9 là:","A. 130,6","B. 136,25","C. 132,4","D. 131,57",A,B
242,2-243,"Tìm số còn thiếu trong dãy số sau 1, 2, 3, 4, 5, 6,  ... để trung bình cộng của dãy số được 7:",A. 7,B. 14,C. 21,D. 28,D,B
243,2-244,Biến đổi 4/10 * 100 dưới dạng số thập phân là:,"A. 0,04","B. 0,4","C. 4,0","D. 40,0",D,A
244,2-245,"Biết 25% của số đó là 40, vậy số đó là:",A. 45,B. 80,C. 160,D. 25,C,B
245,2-246,"Số 3,175 chuyển thành phân số:",A. \frac{3175}{10},B. \frac{3175}{1000},C. \frac{317}{100},D. \frac{3}{17},B,B
246,2-247,Ngày 27 tháng 5 năm 2016 là thứ sáu thì ngày 4 tháng 6 cùng năm đó là thứ mấy?,A. Thứ tư,B. Thứ năm,C. Thứ sáu,D. Thứ bảy,D,B
247,2-248,5% của 12 và số 12 là số nào? Khoanh vào đáp án đúng:,A. 18,B. 12.6,C. 24,D. 12.12,K,D
248,2-249,"Có 40 viên bi, trong đó có 17 viên bi hồng, 10 viên bi xám, 5 viên bi đen, 8 viên bi trắng. Như vậy 1/5 số viên bi có màu là:",A. Hồng,B. Xám,C. Đen,D. Trắng,C,B
249,2-250,"Chữ số 8 trong số 24,289 thuộc hàng nào?",A. Hàng chục,B. Hàng phần mười,C. Hàng phần trăm,D. Hàng phần nghìn,C,C
250,2-251,"Một hình hộp chữ nhật có diện tích xung quanh là 4800 cm², trong đó chiều dài đáy là 40 cm và chiều rộng là 30 cm. Tính chiều cao của hình hộp chữ nhật đó.",A. 34.28 dm,"B. 17,14 cm","C. 17,14 dm","D. 34,28 cm",D,C
251,2-252,1 tấn 8 kg = . . . . tấn. Số thích hợp để điền vào chỗ chấm là:,"A. 1,008","B. 1,08","C. 1,8","D. 1,0008",A,B
252,2-253,3 \frac{1}{2} giờ = ……. phút,A. 210 phút,B. 120 phút,C. 150 phút,D. 180 phút,A,B
253,2-254,"Chữ số 8 trong số 6,008 có giá trị:",A. 800,B. \frac{8}{10},C. \frac{8}{100},D. \frac{8}{1000},D,D
254,2-255,"Kết quả của phép tính 1,6 \times 10 + 8 \div 4 là:",A. 16,B. 14,C. 10,D. 18,D,C
255,2-256,"Số nào là số lớn nhất trong 5,67; 5,76; 5,65; 5,675:","A. 5,67","B. 5,76","C. 5,65","D. 5,675",B,D
256,2-257,Tổng diện tích của hai viên gạch hình vuông có cạnh 40cm là:,A. 1600cm^{2},B. 16cm^{2},C. 32cm^{2},D. 3200cm^{2},D,A
257,2-258,Mua 12 quyển vở hết 36 000 đồng. Mua 33 quyển vở như thế hết số tiền là:,A. 75 000 đồng,B. 36 037 đồng,C. 90 000 đồng,D. 99 000 đồng,D,C
258,2-259,Viết dạng số thập phân của: năm mươi sáu phẩy bẩy mươi mốt,"A. 56,71","B. 56,701","C. 56,071","D. 50,671",A,B
259,2-260,"Số lớn nhất trong các số: 7,85; 6,58; 8,95; 7,99 là:","A. 7,85",B. 6.58,"C. 8,95","D. 7,99",C,C
260,2-261,Kết quả của (14:35)x10:,"A. 0,4",B. 4,C. 40,D. 400,B,C
261,2-262,"Một ban công hình vuông có chu vi 362,4m. Hỏi cạnh của ban công là bao nhiêu?","A. 3,6m","B. 9,06m","C. 9,6m","D. 90,6m",D,C
262,2-263,Số thập phân của hỗn số 3 \frac{6}{10} - 2 \frac{1}{100} là,"A. 3,06","B. 0,59","C. 1,59","D. 3,6",C,B
263,2-264,Giá trị của chữ số 6 trong số 862 495 là:,A. 60 000,B. 600 000,C. 600,D. 60,A,A
264,2-265,Tỉ số phần trăm của 90 và 120 + 130 + 20,A. 45,B. 33%,C. 45%,D. 45,B,C
265,2-266,Mua 3m vải hết 75 000 đồng. Hỏi mua 9m vải như thế hết bao nhiêu tiền?,A. 25 000 đồng,B. 125 000 đồng,C. 45 090 đồng,D. 225 000 đồng,D,C
266,2-267,"Tính diện tích của  miếng bìa hình tam giác có độ dài cạnh đáy 12dm, chiều cao bằng \frac{1}{4} cạnh đáy",A. 36 dm^{2},B. 9 dm^{2},C. 27 dm^{2},D. 18 dm^{2},D,B
267,2-268,"Tìm số lớn nhất: 7,234; 7,432; 7,324; 7,243","A. 7,432","B. 7,324","C. 7,243","D. 7,234",A,A
268,2-269,"Lan có 9000 đồng, Mai có số tiền gấp 5 lần số tiền của Lan. Vậy số tiền Mai có là",A. 8000 đồng,B. 30000 đồng,C. 45 000 đồng,D. 48 000 đồng,C,C
269,2-270,"Một ô tô đi với vận tốc 60 km/h, tính quãng đường ô tô đi được trong 12 phút.","A. 0,2 km",B. 5km,C. 720km,D. 12km,D,D
270,2-271,"Lãi suất tiết kiệm là 0,6 % một tháng. Một người gửi tiết kiệm là 10 000 000 đồng. Hỏi sau một tháng người đó nhận được tiền lãi và tiền gửi là bao nhiêu?",A. 10 060 000,B. 10 600 000,C. 10 050 000,D. 10 500 000,A,B
271,2-272,Điền số thích hợp: 4kg 750g = ............ g.,A. 4750,B. 4075,"C. 47,5","D. 4,75",A,A
272,2-273,Tính % giữa 30 và 22:,"A. 73,33%",B. 730%,C. 73%,D. 703%,A,C
273,2-274,"Phần thập phân của 212,12  là:",A. 12,B. \frac{12}{10},C. \frac{12}{100},D. \frac{12}{1000},C,B
274,2-275,Tính diện tích toàn phần của một hình lập phương biết diện tích xung quanh là 216 m²:,A. 144 m^{2},B. 216 m^{2},C. 125 m^{2},D. 324 m^{2},B,A
275,2-276,Số ở giữa số 9990 và số 9997 là:,A. 9908,B. 9980,C. 9995,D. 9998,C,C
276,2-277,"Cho hình vuông có cạnh là 2,3cm. Chu vi của hình hình vuông đó là:","A. 5,29cm","B. 9,2dm 2,3cm","C. 9,2cm",D. 92cm,C,C
277,2-278,Một hình lập phương có cạnh là 160 dm. Hãy tính thể tích hình lập phương đó:,A. 496 m^{3},B. 4096 m^{3},C. 256 m^{3},D. 2560 m^{3},B,B
278,2-279,Số thập phân của hỗn số 3 \frac{1}{2} là,"A. 3,25","B. 32,5","C. 2,5","D. 3,5",D,A
279,2-280,Một nhà máy ngày một xuất được 1/2 số hàng và ngày hai xuất được thêm 2/9 số hàng ban đầu. Thì số hàng còn lại là 15 mặt hàng. Hỏi số hàng mà cửa hàng đã xuất đi trong ngày thứ 2 là bao nhiêu?,A. 39 mặt hàng,B. 42 mặt hàng,C. 27 mặt hàng,D. 12 mặt hàng,D,B
280,2-281,6005 dm^{3} = … m^{3},"A. 6,005 m^{3}",B. 60 m^{3},C. 6 m^{3},"D. 0,6 m^{3}",A,A
281,2-282,Phân số \frac{250}{20} được chuyển sang dạng số thập phân:,"A. 12,5","B. 1,25","C. 10,25","D. 22,5",A,B
282,2-283,Diện tích của hình tròn có bán kính 6.5dm  là:,"A. 132,665 dm^{2}","B. 113,04 dm^{2}","C. 131,4 dm^{2}","D. 150,24 dm^{2}",A,A
283,2-284,Năm đơn vị chín phần mười bốn phần trăm trừ cho hai đơn vị là:,"A. 5,094","B. 5,94","C. 3,94","D. 3,094",C,C
284,2-285,Biểu thức: \frac{1}{2} + \frac{3}{4} x \frac{2}{5} có kết quả là:,A. 4,B. \frac{4}{5},C. \frac{8}{30},D. \frac{2}{3},B,B
285,2-286,Năm 1899 thuộc thế kỉ nào sau đây?,A. 12,B. 19,C. 20,D. 21,B,C
286,2-287,Thể tích của hình lập phương có cạnh 0.03m là:,A. 27cm^{3},"B. 0,27m^{2}",C. 27m^{3},"D. 2,7cm^{3}",A,A
287,2-288,"Trong các số có 3 chữ số dưới đây số nào khi cộng thêm với các chữ số hàng đơn vị, hàng chục, hàng trăm thì bằng 581.",A. 543,B. 550,C. 555,D. 565,C,D
288,2-289,Cô giáo phân công cho 2/5 số bạn trong lớp đi quét sân trường còn 1/3 số bạn đi dọn vệ sinh hành lang thì trong lớp còn 12 bạn vệ sinh lớp học. Hỏi số lượng học sinh được phân công đi dọn vệ sinh hành lang là bao nhiêu bạn?,A. 12,B. 15,C. 18,D. 20,B,C
289,2-290,33 000  cm =.................km,A. 33,"B. 0,33","C. 1,33",D. 330,B,D
290,2-291,"Tìm chu vi của nửa hình tròn biết chiều dài đường kính là 4,5cm:","A. 14,13cm","B. 7,06cm","C. 12,56cm","D. 6,28cm",B,B
291,2-292,2 phần trăm của 212 là:,A. 12,"B. 12,5","C. 4,2","D. 4,24",D,C
292,2-293,"Kết quả của phép tính 0,4 + 22,40 \div 3,5 là:","A. 2,49","B. 2,9","C. 6,4","D. 6,8",D,B
293,2-294,Biết trung bình cộng của 2 số là 185 và số lớn hơn số bé 26 đơn vị. Tìm số lớn.,A. 185,B. 370,C. 173,D. 198,D,B
294,2-295,"Tìm số tự nhiên x biết 98,69 - 1 < x < 99,4 - 1?",A. X = 98,B. X = 99,C. X = 90,D. X = 96,B,B
295,2-296,Phân số \frac{1}{5} - \frac{1}{8} + \frac{1}{2} viết dưới dạng số thập phân là:,"A. 0,575","B. 0,57","C. 0,02","D. 0,2",A,A
296,2-297,"Tìm Y biết Y + 2,20 = 2,5 \times  4:",A. 10,"B. 10,18","C. 10,22","D. 7,80",D,C
297,2-298,Lớp 5A có 12 học sinh nam và 24 học sinh nữ. Phần trăm giữa số học sinh nam so với toàn bộ học sinh là:,A. 20%,B. 50%,C. 25%,D. 33%,D,C
298,2-299,Một nhân viên cửa hàng buổi sáng bán được 1/2 số táo và buổi chiều bán thêm được 2/9 số táo so với số táo ban đầu thì còn lại 15 quả táo trong cửa hàng. Hỏi tổng số quả táo buổi sáng và buổi chiều bán được là bao nhiêu?,A. 39,B. 42,C. 46,D. 49,A,B
299,2-300,Cho hình thang có độ dài hai đáy là 18cm và 16cm; chiều cao là 15 cm. Hãy tính diện tích nửa hình thang.,A. 225 cm^{2},"B. 127,5 cm^{2}",C. 255 cm^{2},D. 540 cm^{2},B,B
300,2-301,Một con chim đại bàng bay được 30 km trong 1 giờ. Chim sẻ bay được vận tốc bằng 2/5 đại bàng. Hỏi trong 3.5 giờ thì chim sẻ bay được:,A. 12km,B. 42km,"C. 4,2km","D. 1,2km",B,B
301,2-302,"Kết quả của biểu thức 7,33 : (1,7 + 2,1) – 1,5","A. 3,01","B. 7,49","C. 1,87","D. 0,427",D,B
302,2-303,"Số lớn hơn 3,75 và bé hơn tổng của 2,4 +1,8 là số:","A. 3,57","B. 3,79","C. 3,9","D. 4,2",B,D
303,2-304,Diện tích hình chữ nhật có chiều dài a và chiều rộng b được tính theo công thức:,A. (a + b) \times 2,B. a \times b,C. a \times b \times 2,D. a + b \times 2,B,B
304,2-305,"Số thập phân gồm có “Năm đơn vị, 2 phần trăm, bảy phần nghìn"" viết là:","A. 5,27","B. 5,027","C. 5,007","D. 7,05",B,B
305,2-306,Một người đi xe đạp được 40 km trong 2 giờ 30 phút. Tính vận tốc đạp xe của người đó.,A. 25 km/giờ,B. 16 km/giờ,C. 30 km/giờ,D. 20 km/giờ,B,A
306,2-307,"Tìm số lớn nhất trong dãy: 2,345; 2,453; 2,534; 2,345","A. 2,345","B. 2,534","C. 2,453","D. 2,345",B,B
307,2-308,"Một mảnh vườn hình chữ nhật dài 44 m, rộng 12 m. Nếu người ta dùng 10 % diện tích mảnh đất để làm nhà thì phần đất còn lại là:",A. 300 m^{2},"B. 475,2 m^{2}","C. 60,32 m^{2}",D. 204 m^{2},B,B
308,2-309,"Tìm một số biết 35% - 15% của số đó là 5,4 - 1,2 :",A. 25,B. 2,C. 21,D. 20,C,D
309,2-310,"Cái hộp có chiều dài 12cm, chiều rộng 3cm và chiểu cao 2,2cm, thể tích của cái hộp đó là:",A. 30cm^{3},B. 35cm^{3},C. 59cm^{3},"D. 79,2cm^{3}",D,D
310,2-311,"Số thập phân gồm 25 đơn vị, 9 phần mười và 7 phần nghìn là:","A. 25,97","B. 25,097","C. 25,907","D. 2,597",C,A
311,2-312,"Giá trị của biểu thức 8,5 + 6,5- (10-3,3) + 1 là","A. 8,3","B. 7,3","C. 9,3","D. 0,7",A,B
312,2-313,Điền số thích hợp: 2m^{3}85dm^{3} = …………………m^{3}.,"A. 2,385","B. 2,085",C. 285,"D. 23,85",B,B
313,2-314,"Tìm chữ số x, biết: 5,5 \times x < 5,471",A. X = 8,B. X = 7,C. X = 1,D. X = 0,D,B
314,2-315,"Lớp 5A có số bạn đi thi học sinh giỏi môn toán là 2/11, và số bạn thi học sinh giỏi môn tiếng Việt là 1/4 sau khi các bạn đi thi học sinh giỏi thì trong lớp còn 25 bạn. Hỏi tổng số bạn đi thi học sinh giỏi môn toán và tiếng Việt là bao nhiêu bạn?",A. 13,B. 15,C. 17,D. 19,B,A
315,2-316,"Hình chữ nhật ABCD có chiều dài bằng 16cm, chiều rộng bằng 1/4 chiều dài. Tính diện tích của hình chữ nhật đó.","A. 6,4 m2","B. 12,8 m2",C. 128 cm2,D. 64 cm2,D,D
316,2-317,"Các số X, III, XIX, XX, VII được sắp xếp theo thứ tự từ bé đến lớn:","A. X, XIX,XX, VII, III","B. III, XIX,VII, X,XX","C. III,VII,X,XIX,XX","D. III,X,VII,XIX,XX",C,D
317,2-318,Điền số thích hợp: 10m^{2} 6dm^{2} =........m^{2} là:,A. 10,"B. 10,06",C. 1006,D. 10,B,B
318,2-319,"Chữ số 6 trong số 15,306 thuộc hàng nào?",A. Hàng đơn vị,B. Hàng trăm,C. Hàng phần trăm,D. Hàng phần nghìn,D,C
319,2-320,Đổi: 2kg 15g =  ............g,A. 215g,B. 2150g,C. 2015g,D. 2105g,C,B
320,2-321,"Trên bảng ghi các số 15, 18, 21, 24, 27, 30, 33, 36. Bạn Mạnh xóa đi một số thì thấy trung bình cộng của các số trên bảng còn lại kết thúc bằng chữ số 4. Hãy cho biết Mạnh xóa đi số nào?",A. 36,B. 33,C. 24,D. 18,C,C
321,2-322,Số dư trong phép chia 12328 : 105 sau khi cộng với 7 là bao nhiêu:,A. 20,B. 30,C. 40,D. 50,D,B
322,2-323,Một ôtô có vận tốc 60 km/giờ. Vậy vận tốc của ô tô khi đổi sang mét/phút là bao nhiêu?,A. 1000 m/phút,B. 805 m/phút,C. 510 m/phút,D. 5100 m/phút,A,C
323,2-324,Số thập phân có 2 thành phần:,"A. Phần nguyên đứng trước dấu phẩy, phần thập phân đứng sau dấu phẩy","B. Phần nguyên đứng sau dấu phẩy, phần thập phân đứng trước dấu phẩy","C. Phần nguyên đứng trước dấu phẩy, phần phân số thập phân đứng sau dấu phẩy","D. Phần nguyên đứng sau dấu phẩy, phần phân số đứng trước dấu phẩy",A,A
324,2-325,Kết quả của 2km 17m = …………km là:,"A. 2,017 km","B. 2,17 km","C. 0,217 km","D. 21,17 km",A,A
325,2-326,Số \frac{3}{25} + \frac{1}{100} viết dưới dạng số thập phân là:,"A. 0,13","B. 0,15","C. 0,001","D. 0,12",A,C
326,2-327,Hỗn số 17 \frac{3}{10} viết dưới dạng số thập phân là :,"A. 1,73","B. 17,3","C. 7,13","D. 7,03",B,B
327,2-328,Một hình tròn có đường kính 3m. Diện tích nửa hình tròn đó là:,"A. 7,065m^{2}","B. 8,54m^{2}","C. 70,65m^{2}","D. 3,5325m^{2}",A,D
328,2-329,"Giá trị của chữ số 8 trong số thập phân 50,289:",A. 8,B. \frac{8}{10},C. \frac{8}{100},D. 80,C,B
329,2-330,Diện tích hình tròn có bán kính 10 cm là:,"A. 3,14 dm^{2}","B. 3,14 cm^{2}","C. 0,314 dm^{2}","D. 34,1 cm^{2}",B,A
330,2-331,Có bao nhiêu số có 2 chữ số mà số đó gấp 4 lần tổng 2 chữ số của nó?,A. 2,B. 3,C. 4,D. 5,C,B
331,2-332,"Người thứ nhất làm xong công việc trong 4 giờ, người thứ hai làm xong công việc trong 8 giờ. Thời gian hoàn thành nếu hai người cùng làm là:",A. 20 giờ,B. 9 giờ,C. \frac{20}{9} giờ,D. \frac{8}{3} giờ,D,D
